,DE_MUNICIP_org,DE_MUNICIP,score,PROVINCE,LONGITUDE,LATITUDE
0,ZUERA,ZUERA,100.0,Zaragoza,-0.787164826,41.86839266
1,ZARAGOZA,ZARAGOZA,100.0,Zaragoza,-0.877317861,41.65620791
2,ABIA DE LAS TORRES,ABIA DE LAS TORRES,100.0,Palencia,-4.421901599,42.42022006
3,ABRERA,ABRERA,100.0,Barcelona,1.901568685,41.5163976
4,ACEBEDO,ACEBEDO,100.0,León,-5.1158706,43.04073212
5,ACEUCHAL,ACEUCHAL,100.0,Badajoz,-6.487251425,38.64775527
6,VILLASARRACINO,VILLASARRACINO,100.0,Palencia,-4.496964788,42.41210137
7,VILLASANDINO,VILLASANDINO,100.0,Burgos,-4.110933814,42.3720571
8,VILLARTA DE SAN JUAN,VILLARTA DE SAN JUAN,100.0,Ciudad Real,-3.424763385,39.23886164
9,VILLARRUBIA DE LOS OJOS,VILLARRUBIA DE LOS OJOS,100.0,Ciudad Real,-3.607635389,39.21795451
10,VILLARES DE LA REINA,VILLARES DE LA REINA,100.0,Salamanca,-5.646475441,41.00833367
11,VILLAR DEL OLMO,VILLAR DEL OLMO,100.0,Madrid,-3.235648326,40.33657025
12,VILLAPROVEDO,VILLAPROVEDO,100.0,Palencia,-4.397307596,42.51676198
13,VILLAOBISPO DE OTERO,VILLAOBISPO DE OTERO,100.0,León,-6.059604858,42.50082168
14,VILLANUEVA DE LAS MANZANAS,VILLANUEVA DE LAS MANZANAS,100.0,León,-5.480522787,42.47000242
15,VILLANUEVA DE HUERVA,VILLANUEVA DE HUERVA,100.0,Zaragoza,-1.03563678,41.35294005
16,ALFOZ DE SANTA GADEA,ALFOZ DE SANTA GADEA,100.0,Burgos,-3.952757764,42.95530737
17,ALFOZ DE BRICIA,ALFOZ DE BRICIA,100.0,Burgos,-3.84781048,42.90751582
18,ALFORJA,ALFORJA,100.0,Tarragona,0.975389139,41.21054753
19,ALDEATEJADA,ALDEATEJADA,100.0,Salamanca,-5.692548,40.921197
20,ALDEASECA DE ALBA,ALDEASECA DE ALBA,100.0,Salamanca,-5.447165305,40.81892144
21,ALCUBIERRE,ALCUBIERRE,100.0,Huesca,-0.452443539,41.80792407
22,ALCOBENDAS,ALCOBENDAS,100.0,Madrid,-3.64187111,40.54745906
23,ALCAUDETE,ALCAUDETE,100.0,Jaén,-4.086712238,37.59097147
24,ALCANAR,ALCANAR,100.0,Tarragona,0.48192214,40.54286081
25,ANDORRA,ANDORRA,100.0,Teruel,-0.444052179,40.97497468
26,AMER,AMER,100.0,Girona,2.603318354,42.00909916
27,ALMONACID DE LA SIERRA,ALMONACID DE LA SIERRA,100.0,Zaragoza,-1.323266986,41.39791114
28,ALMENDRALEJO,ALMENDRALEJO,100.0,Badajoz,-6.406840492,38.68473972
29,ALMENARA,ALMENARA,100.0,Castelló/Castellón,-0.223280605,39.75150426
30,ALMANSA,ALMANSA,100.0,Albacete,-1.093666988,38.87007032
31,ALLER,ALLER,100.0,Asturias,-5.62242,43.161048
32,ALLARIZ,ALLARIZ,100.0,Ourense,-7.801553271,42.19016918
33,ALJARAQUE,ALJARAQUE,100.0,Huelva,-7.02154934,37.27102543
34,ALGECIRAS,ALGECIRAS,100.0,Cádiz,-5.447642214,36.13198257
35,ALGARROBO,ALGARROBO,100.0,Málaga,-4.039126901,36.77246187
36,VILLAMERIEL,VILLAMERIEL,100.0,Palencia,-4.475047163,42.52788789
37,VILLALUENGA DE LA VEGA,VILLALUENGA DE LA VEGA,100.0,Palencia,-4.765371341,42.52383205
38,VILLALBILLA,VILLALBILLA,100.0,Madrid,-3.2986884,40.43250956
39,VILLAHERREROS,VILLAHERREROS,100.0,Palencia,-4.46242059,42.38939085
40,VILLAFRANCA DE LOS BARROS,VILLAFRANCA DE LOS BARROS,100.0,Badajoz,-6.338868544,38.56151044
41,VILLAESCUSA,VILLAESCUSA,100.0,Zamora,-5.464098688,41.20613553
42,VILLAESCUSA,VILLAESCUSA,100.0,Cantabria,-3.856638889,43.37033333
43,VILLADIEGO,VILLADIEGO,100.0,Burgos,-4.010133766,42.51592832
44,VILLACARRILLO,VILLACARRILLO,100.0,Jaén,-3.087310475,38.11534606
45,VILLABUENA DEL PUENTE,VILLABUENA DEL PUENTE,100.0,Zamora,-5.408623014,41.37986775
46,VILCHES,VILCHES,100.0,Jaén,-3.507639828,38.20460289
47,VILANOVA D'ALCOLEA,VILANOVA D'ALCOLEA,100.0,Castelló/Castellón,0.072823451,40.23104425
48,VILAFRANCA DE BONANY,VILAFRANCA DE BONANY,100.0,Illes Balears,3.088904186,39.56861547
49,VILABLAREIX,VILABLAREIX,100.0,Girona,2.793706285,41.95243336
50,VILA-REAL,VILA-REAL,100.0,Castelló/Castellón,-0.101304152,39.93665699
51,ARMILLA,ARMILLA,100.0,Granada,-3.627817145,37.14282172
52,ARIJA,ARIJA,100.0,Burgos,-3.960109694,42.98628101
53,ARICO,ARICO,100.0,Santa Cruz de Tenerife,-16.50093348,28.16578793
54,ARGENTONA,ARGENTONA,100.0,Barcelona,2.400302398,41.55540838
55,ARGANDA DEL REY,ARGANDA DEL REY,100.0,Madrid,-3.437457474,40.30079363
56,ARGAMASILLA DE ALBA,ARGAMASILLA DE ALBA,100.0,Ciudad Real,-3.090096647,39.12861498
57,ARENYS DE MUNT,ARENYS DE MUNT,100.0,Barcelona,2.539479222,41.61139868
58,ARENYS DE MAR,ARENYS DE MAR,100.0,Barcelona,2.551705952,41.57949398
59,ARENILLAS DE RIOPISUERGA,ARENILLAS DE RIOPISUERGA,100.0,Burgos,-4.234080438,42.35764346
60,ARANJUEZ,ARANJUEZ,100.0,Madrid,-3.603524966,40.03219208
61,ARAHAL,ARAHAL,100.0,Sevilla,-5.545295634,37.26248673
62,ANTIGUA,ANTIGUA,100.0,Las Palmas,-14.01394909,28.42344159
63,ANTEQUERA,ANTEQUERA,100.0,Málaga,-4.562458774,37.01944263
64,ANOETA,ANOETA,100.0,Gipuzkoa,-2.071436337,43.16142514
65,ANDRATX,ANDRATX,100.0,Illes Balears,2.424553868,39.57630897
66,BAEZA,BAEZA,100.0,Jaén,-3.469641566,37.99352485
67,BADALONA,BADALONA,100.0,Barcelona,2.247629947,41.45016665
68,BADAJOZ,BADAJOZ,100.0,Badajoz,-6.969698521,38.87890178
69,AYORA,AYORA,100.0,València/Valencia,-1.057467064,39.06026778
70,ASTORGA,ASTORGA,100.0,León,-6.052963815,42.45419587
71,ARUCAS,ARUCAS,100.0,Las Palmas,-15.52538007,28.11861034
72,ARTEIXO,ARTEIXO,100.0,A Coruña,-8.505070236,43.30474474
73,ARREDONDO,ARREDONDO,100.0,Cantabria,-3.6015,43.27455556
74,ARRECIFE,ARRECIFE,100.0,Las Palmas,-13.54666111,28.95942694
75,ARONA,ARONA,100.0,Santa Cruz de Tenerife,-16.68068896,28.09999109
76,ARNUERO,ARNUERO,100.0,Cantabria,-3.561611111,43.47044444
77,BELORADO,BELORADO,100.0,Burgos,-3.189827177,42.42028835
78,BEAS DE SEGURA,BEAS DE SEGURA,100.0,Jaén,-2.88985229,38.25257887
79,BEAS,BEAS,100.0,Huelva,-6.793176374,37.42594421
80,BEARIZ,BEARIZ,100.0,Ourense,-8.273015461,42.46705567
81,BARRAX,BARRAX,100.0,Albacete,-2.200771729,39.04629241
82,BAREYO,BAREYO,100.0,Cantabria,-3.612027778,43.47911111
83,BARCELONA,BARCELONA,100.0,Barcelona,2.177439664,41.38228986
84,BARAKALDO,BARAKALDO,100.0,Bizkaia,-2.986094489,43.29758738
85,BANYALBUFAR,BANYALBUFAR,100.0,Illes Balears,2.513704579,39.68702531
86,BAIDES,BAIDES,100.0,Guadalajara,-2.775768768,41.00681876
87,VIGO,VIGO,100.0,Pontevedra,-8.726788225,42.23588559
88,VIC,VIC,100.0,Barcelona,2.255047931,41.92991328
89,VERA,VERA,100.0,Almería,-1.868307,37.246954
90,VELILLA DE SAN ANTONIO,VELILLA DE SAN ANTONIO,100.0,Madrid,-3.487861929,40.3669571
91,VEGAS DE MATUTE,VEGAS DE MATUTE,100.0,Segovia,-4.27775939,40.79539461
92,VALVERDE DEL CAMINO,VALVERDE DEL CAMINO,100.0,Huelva,-6.753476165,37.57320768
93,VALVERDE,VALVERDE,100.0,Santa Cruz de Tenerife,-17.91496172,27.80686412
94,VALSECA,VALSECA,100.0,Segovia,-4.175163741,41.00012384
95,VALLE DE VALDEBEZANA,VALLE DE VALDEBEZANA,100.0,Burgos,-3.786358615,42.96984761
96,VALLDEMOSSA,VALLDEMOSSA,100.0,Illes Balears,2.621777744,39.7091591
97,BOROX,BOROX,100.0,Toledo,-3.74164544,40.06980268
98,BORMUJOS,BORMUJOS,100.0,Sevilla,-6.071117419,37.37226896
99,BOAL,BOAL,100.0,Asturias,-6.818490712,43.42850156
100,BILBAO,BILBAO,100.0,Bizkaia,-2.923458983,43.26421868
101,BERGONDO,BERGONDO,100.0,A Coruña,-8.234269997,43.31964068
102,BERGA,BERGA,100.0,Barcelona,1.84606202,42.10421268
103,BERCIANOS DEL REAL CAMINO,BERCIANOS DEL REAL CAMINO,100.0,León,-5.144785295,42.38726271
104,BENQUERENCIA DE LA SERENA,BENQUERENCIA DE LA SERENA,100.0,Badajoz,-5.494741295,38.69956237
105,BENILLOBA,BENILLOBA,100.0,Alacant/Alicante,-0.390721569,38.69955403
106,BENIDORM,BENIDORM,100.0,Alacant/Alicante,-0.128632118,38.53943511
107,BENASAU,BENASAU,100.0,Alacant/Alicante,-0.343391915,38.69040571
108,CABANES,CABANES,100.0,Castelló/Castellón,0.045411887,40.15610366
109,CABANES,CABANES,100.0,Girona,2.97795707,42.3075044
110,BUSTILLO DE LA VEGA,BUSTILLO DE LA VEGA,100.0,Palencia,-4.740589339,42.4559157
111,BUSTARES,BUSTARES,100.0,Guadalajara,-3.072352318,41.13591111
112,BURGOS,BURGOS,100.0,Burgos,-3.702175883,42.34058464
113,BUENAVISTA DEL NORTE,BUENAVISTA DEL NORTE,100.0,Santa Cruz de Tenerife,-16.85086015,28.3717947
114,BUENAVISTA DE VALDAVIA,BUENAVISTA DE VALDAVIA,100.0,Palencia,-4.614069108,42.63680909
115,BROTO,BROTO,100.0,Huesca,-0.121540286,42.60343076
116,BORRIANA/BURRIANA,BORRIANA/BURRIANA,100.0,Castelló/Castellón,-0.083524101,39.88997963
117,VALLADOLID,VALLADOLID,100.0,Valladolid,-4.728687252,41.65252015
118,VALDEVIMBRE,VALDEVIMBRE,100.0,León,-5.617403494,42.42044538
119,VALDERREDIBLE,VALDERREDIBLE,100.0,Cantabria,-3.940694444,42.80563889
120,VALDEOLMOS-ALALPARDO,VALDEOLMOS-ALALPARDO,100.0,Madrid,-3.474985453,40.62880859
121,VALDELCUBO,VALDELCUBO,100.0,Guadalajara,-2.675843932,41.227033
122,VALDEAVERO,VALDEAVERO,100.0,Madrid,-3.333043809,40.63105497
123,VALDE-UCIEZA,VALDE-UCIEZA,100.0,Palencia,-4.575368074,42.39935065
124,UTEBO,UTEBO,100.0,Zaragoza,-0.998283325,41.70981736
125,CALZADA DE VALDUNCIEL,CALZADA DE VALDUNCIEL,100.0,Salamanca,-5.703483222,41.08687546
126,CALZADA DE LOS MOLINOS,CALZADA DE LOS MOLINOS,100.0,Palencia,-4.650780658,42.3280749
127,CALLDETENES,CALLDETENES,100.0,Barcelona,2.284340343,41.92409728
128,CALDES D'ESTRAC,CALDES D'ESTRAC,100.0,Barcelona,2.52762275,41.57243739
129,CALATAYUD,CALATAYUD,100.0,Zaragoza,-1.641848207,41.35314501
130,CALANDA,CALANDA,100.0,Teruel,-0.231169093,40.93899307
131,CALAMONTE,CALAMONTE,100.0,Badajoz,-6.386765724,38.88891487
132,CALAHORRA DE BOEDO,CALAHORRA DE BOEDO,100.0,Palencia,-4.38604413,42.57537065
133,CALAFELL,CALAFELL,100.0,Tarragona,1.568709082,41.20099975
134,CALACEITE,CALACEITE,100.0,Teruel,0.187723968,41.01629921
135,UMBRETE,UMBRETE,100.0,Sevilla,-6.157992369,37.36991155
136,UGENA,UGENA,100.0,Toledo,-3.876056273,40.1553306
137,UCEDA,UCEDA,100.0,Guadalajara,-3.465026323,40.84246551
138,UBRIQUE,UBRIQUE,100.0,Cádiz,-5.443137605,36.67745675
139,TUDELA,TUDELA,100.0,Navarra,-1.60604545,42.06369024
140,TRESVISO,TRESVISO,100.0,Cantabria,-4.668583333,43.25752778
141,TORROX,TORROX,100.0,Málaga,-3.952651985,36.75846957
142,TORREVIEJA,TORREVIEJA,100.0,Alacant/Alicante,-0.683382913,37.97767803
143,TORRES DE LA ALAMEDA,TORRES DE LA ALAMEDA,100.0,Madrid,-3.362815239,40.40594627
144,TORRENT,TORRENT,100.0,València/Valencia,-0.465981759,39.43672137
145,TORRENT,TORRENT,100.0,Girona,3.128197269,41.95184285
146,TORRELAVEGA,TORRELAVEGA,100.0,Cantabria,-4.050638889,43.34911111
147,CARTAGENA,CARTAGENA,100.0,Murcia,-0.984930263,37.60088828
148,CARRANQUE,CARRANQUE,100.0,Toledo,-3.898606124,40.16962251
149,CARMONA,CARMONA,100.0,Sevilla,-5.638051,37.472373
150,CARBONERAS,CARBONERAS,100.0,Almería,-1.895097785,36.99678677
151,CARBALLO,CARBALLO,100.0,A Coruña,-8.689273431,43.21338372
152,CAPILEIRA,CAPILEIRA,100.0,Granada,-3.358508544,36.96145234
153,CAPDEPERA,CAPDEPERA,100.0,Illes Balears,3.432158664,39.70268683
154,CANDELARIA,CANDELARIA,100.0,Santa Cruz de Tenerife,-16.37002705,28.35523524
155,CAMPOO DE ENMEDIO,CAMPOO DE ENMEDIO,100.0,Cantabria,-4.147305556,42.98633333
156,CAMPO REAL,CAMPO REAL,100.0,Madrid,-3.381597811,40.33802681
157,CAMPO DE CRIPTANA,CAMPO DE CRIPTANA,100.0,Ciudad Real,-3.12541264,39.40524623
158,CAMBRILS,CAMBRILS,100.0,Tarragona,1.057672871,41.07100981
159,CAMBRE,CAMBRE,100.0,A Coruña,-8.344703975,43.29262866
160,CAMARMA DE ESTERUELAS,CAMARMA DE ESTERUELAS,100.0,Madrid,-3.378682715,40.54912598
161,CAMARGO,CAMARGO,100.0,Cantabria,-3.855083333,43.42352778
162,CASTRILLO DE VILLAVEGA,CASTRILLO DE VILLAVEGA,100.0,Palencia,-4.481411315,42.45587518
163,CASTRILLO DE RIOPISUERGA,CASTRILLO DE RIOPISUERGA,100.0,Burgos,-4.252171782,42.51544387
164,CASTILBLANCO DE LOS ARROYOS,CASTILBLANCO DE LOS ARROYOS,100.0,Sevilla,-5.990089988,37.67489782
165,CASTELLDEFELS,CASTELLDEFELS,100.0,Barcelona,1.976690659,41.28010588
166,CASTELLANOS DE VILLIQUERA,CASTELLANOS DE VILLIQUERA,100.0,Salamanca,-5.694872549,41.05123956
167,CASTELLANOS DE MORISCOS,CASTELLANOS DE MORISCOS,100.0,Salamanca,-5.590557902,41.01876351
168,CASAS BAJAS,CASAS BAJAS,100.0,València/Valencia,-1.260316427,40.02423248
169,CASAS ALTAS,CASAS ALTAS,100.0,València/Valencia,-1.261719262,40.03963151
170,CARTES,CARTES,100.0,Cantabria,-4.070093577,43.32347614
171,CARTAYA,CARTAYA,100.0,Huelva,-7.15511593,37.28290686
172,CHOZAS DE ABAJO,CHOZAS DE ABAJO,100.0,León,-5.686831183,42.50840867
173,CHILCHES/XILXES,CHILCHES/XILXES,100.0,Castelló/Castellón,-0.187407609,39.78206935
174,CHICLANA DE LA FRONTERA,CHICLANA DE LA FRONTERA,100.0,Cádiz,-6.1493492,36.41960063
175,CESPEDOSA DE TORMES,CESPEDOSA DE TORMES,100.0,Salamanca,-5.580216305,40.54367412
176,CENIZATE,CENIZATE,100.0,Albacete,-1.661369435,39.30411742
177,CENDEJAS DE LA TORRE,CENDEJAS DE LA TORRE,100.0,Guadalajara,-2.850658929,40.979213
178,CENDEJAS DE ENMEDIO,CENDEJAS DE ENMEDIO,100.0,Guadalajara,-2.872471187,40.98157371
179,CEA,CEA,100.0,León,-5.012574908,42.46340758
180,CAZORLA,CAZORLA,100.0,Jaén,-3.001851995,37.91068908
181,CASTROJERIZ,CASTROJERIZ,100.0,Burgos,-4.139392204,42.28828723
182,TORREDONJIMENO,TORREDONJIMENO,100.0,Jaén,-3.958870224,37.76576161
183,TORREDEMBARRA,TORREDEMBARRA,100.0,Tarragona,1.396030969,41.14607366
184,TORREDELCAMPO,TORREDELCAMPO,100.0,Jaén,-3.896955071,37.7704517
185,TORREBLANCA,TORREBLANCA,100.0,Castelló/Castellón,0.194980395,40.22038684
186,TORRALBA DE CALATRAVA,TORRALBA DE CALATRAVA,100.0,Ciudad Real,-3.749955938,39.01601529
187,TORDERA,TORDERA,100.0,Barcelona,2.718588087,41.70171978
188,TOPAS,TOPAS,100.0,Salamanca,-5.633068725,41.15695528
189,TOMELLOSO,TOMELLOSO,100.0,Ciudad Real,-3.021528929,39.15877703
190,TOMARES,TOMARES,100.0,Sevilla,-6.045074643,37.37393199
191,TOLOSA,TOLOSA,100.0,Gipuzkoa,-2.071922439,43.13809461
192,TOCINA,TOCINA,100.0,Sevilla,-5.733042887,37.60985554
193,TIVISSA,TIVISSA,100.0,Tarragona,0.73259696,41.0426031
194,TINEO,TINEO,100.0,Asturias,-6.416402432,43.33409542
195,COSLADA,COSLADA,100.0,Madrid,-3.565560449,40.42627874
196,CORVERA DE TORANZO,CORVERA DE TORANZO,100.0,Cantabria,-3.939277778,43.21258333
197,CORBERA DE LLOBREGAT,CORBERA DE LLOBREGAT,100.0,Barcelona,1.927821674,41.41633996
198,CONSELL,CONSELL,100.0,Illes Balears,2.81323417,39.66853149
199,CONIL DE LA FRONTERA,CONIL DE LA FRONTERA,100.0,Cádiz,-6.088017837,36.27700066
200,CONDEMIOS DE ABAJO,CONDEMIOS DE ABAJO,100.0,Guadalajara,-3.107529563,41.21907954
201,COLMENAR DE OREJA,COLMENAR DE OREJA,100.0,Madrid,-3.387465024,40.10772128
202,COLLAZOS DE BOEDO,COLLAZOS DE BOEDO,100.0,Palencia,-4.483577476,42.61976374
203,CIUTADELLA DE MENORCA,CIUTADELLA DE MENORCA,100.0,Illes Balears,3.83533657,40.00081401
204,CIUDAD RODRIGO,CIUDAD RODRIGO,100.0,Salamanca,-6.533182942,40.59724038
205,CIUDAD REAL,CIUDAD REAL,100.0,Ciudad Real,-3.9284854,38.98489842
206,CIHUELA,CIHUELA,100.0,Soria,-1.999620363,41.40618263
207,CIEZA,CIEZA,100.0,Murcia,-1.42772981,38.23659383
208,CIEZA,CIEZA,100.0,Cantabria,-4.096722222,43.22105556
209,EIVISSA,EIVISSA,100.0,Illes Balears,1.437956382,38.90718532
210,DOS HERMANAS,DOS HERMANAS,100.0,Sevilla,-5.922343339,37.2837513
211,DESTRIANA,DESTRIANA,100.0,León,-6.092928447,42.32656792
212,DAIMIEL,DAIMIEL,100.0,Ciudad Real,-3.612386848,39.06935773
213,DAGANZO DE ARRIBA,DAGANZO DE ARRIBA,100.0,Madrid,-3.457894414,40.54493947
214,CULLEREDO,CULLEREDO,100.0,A Coruña,-8.38925235,43.28841716
215,CUBILLAS DE RUEDA,CUBILLAS DE RUEDA,100.0,León,-5.176745867,42.65628462
216,CUARTE DE HUERVA,CUARTE DE HUERVA,100.0,Zaragoza,-0.932349472,41.59164078
217,CUADROS,CUADROS,100.0,León,-5.638917657,42.71053443
218,CRETAS,CRETAS,100.0,Teruel,0.210665532,40.92781943
219,ELS HOSTALETS DE PIEROLA,ELS HOSTALETS DE PIEROLA,100.0,Barcelona,1.770237,41.533939
220,EL VERGER,EL VERGER,100.0,Alacant/Alicante,0.010425143,38.8472443
221,EL VENDRELL,EL VENDRELL,100.0,Tarragona,1.534844121,41.22002643
222,EL TANQUE,EL TANQUE,100.0,Santa Cruz de Tenerife,-16.77923868,28.35622202
223,EL ROSARIO,EL ROSARIO,100.0,Santa Cruz de Tenerife,-16.36717818,28.45097961
224,EL PRAT DE LLOBREGAT,EL PRAT DE LLOBREGAT,100.0,Barcelona,2.093040709,41.33078783
225,EL PINAR DE EL HIERRO,EL PINAR DE EL HIERRO,100.0,Santa Cruz de Tenerife,-17.97922115,27.70903765
226,EL PINAR,EL PINAR,100.0,Granada,-3.52657962,36.89472225
227,EL ESPINAR,EL ESPINAR,100.0,Segovia,-4.247460396,40.71863032
228,EL CUERVO DE SEVILLA,EL CUERVO DE SEVILLA,100.0,Sevilla,-6.04194889,36.85155776
229,EL CUBILLO DE UCEDA,EL CUBILLO DE UCEDA,100.0,Guadalajara,-3.406173749,40.82357344
230,TINAJO,TINAJO,100.0,Las Palmas,-13.67645608,29.06655786
231,TERUEL,TERUEL,100.0,Teruel,-1.108028132,40.34354359
232,TERRASSA,TERRASSA,100.0,Barcelona,2.01013,41.56314237
233,TEROR,TEROR,100.0,Las Palmas,-15.54841984,28.05955073
234,TELDE,TELDE,100.0,Las Palmas,-15.41469543,28.00321531
235,TEGUISE,TEGUISE,100.0,Las Palmas,-13.56132916,29.05722629
236,TEGUESTE,TEGUESTE,100.0,Santa Cruz de Tenerife,-16.33656444,28.52266681
237,TAUSTE,TAUSTE,100.0,Zaragoza,-1.255446981,41.92122282
238,TARRAGONA,TARRAGONA,100.0,Tarragona,1.254161558,41.11745293
239,TARODA,TARODA,100.0,Soria,-2.43392677,41.34764269
240,TARIFA,TARIFA,100.0,Cádiz,-5.602048409,36.01172432
241,TARAZONA DE LA MANCHA,TARAZONA DE LA MANCHA,100.0,Albacete,-1.912846935,39.26533717
242,FIGUERES,FIGUERES,100.0,Girona,2.960355578,42.26726148
243,FELANITX,FELANITX,100.0,Illes Balears,3.14917515,39.46872493
244,ESTREMERA,ESTREMERA,100.0,Madrid,-3.106621023,40.18465976
245,ESTEPONA,ESTEPONA,100.0,Málaga,-5.149818107,36.42477999
246,ESTEPA,ESTEPA,100.0,Sevilla,-4.87810442,37.29168484
247,ESQUIVIAS,ESQUIVIAS,100.0,Toledo,-3.767033714,40.10401475
248,ESPORLES,ESPORLES,100.0,Illes Balears,2.577652835,39.66883161
249,ESPLUGUES DE LLOBREGAT,ESPLUGUES DE LLOBREGAT,100.0,Barcelona,2.088563521,41.37762621
250,ESPINOSA DE VILLAGONZALO,ESPINOSA DE VILLAGONZALO,100.0,Palencia,-4.372688319,42.47879771
251,ESPINO DE LA ORBADA,ESPINO DE LA ORBADA,100.0,Salamanca,-5.425239811,41.10561037
252,ESPARTINAS,ESPARTINAS,100.0,Sevilla,-6.122958449,37.38017427
253,ESCALANTE,ESCALANTE,100.0,Cantabria,-3.514083333,43.43741667
254,ES MERCADAL,ES MERCADAL,100.0,Illes Balears,4.092089937,39.98845098
255,ENTRAMBASAGUAS,ENTRAMBASAGUAS,100.0,Cantabria,-3.683055556,43.37905556
256,ENCINILLAS,ENCINILLAS,100.0,Segovia,-4.157609264,41.01783921
257,ELS POBLETS,ELS POBLETS,100.0,Alacant/Alicante,0.016036801,38.84912798
258,GALVE DE SORBE,GALVE DE SORBE,100.0,Guadalajara,-3.183290265,41.22383916
259,FUENTE VAQUEROS,FUENTE VAQUEROS,100.0,Granada,-3.782989646,37.21951067
260,FUENTE EL FRESNO,FUENTE EL FRESNO,100.0,Ciudad Real,-3.774957365,39.22840567
261,FUENGIROLA,FUENGIROLA,100.0,Málaga,-4.626921233,36.53712379
262,FRONTERA,FRONTERA,100.0,Santa Cruz de Tenerife,-18.0109391,27.75353862
263,FOZ,FOZ,100.0,Lugo,-7.259716642,43.56849893
264,FORMENTERA,FORMENTERA,100.0,Illes Balears,1.428720492,38.70533903
265,FONELAS,FONELAS,100.0,Granada,-3.173350797,37.4135399
266,FOGARS DE LA SELVA,FOGARS DE LA SELVA,100.0,Barcelona,2.67140181,41.73512796
267,FISTERRA,FISTERRA,100.0,A Coruña,-9.262371769,42.90908224
268,GUADIX,GUADIX,100.0,Granada,-3.135343124,37.30059972
269,GUADALUPE,GUADALUPE,100.0,Cáceres,-5.326556078,39.45082486
270,GUADALAJARA,GUADALAJARA,100.0,Guadalajara,-3.167414258,40.63360869
271,GRIJALBA,GRIJALBA,100.0,Burgos,-4.119097732,42.4293413
272,GRANADILLA DE ABONA,GRANADILLA DE ABONA,100.0,Santa Cruz de Tenerife,-16.5766072,28.12267282
273,GRANADA,GRANADA,100.0,Granada,-3.598691013,37.17428891
274,GRADEFES,GRADEFES,100.0,León,-5.226328553,42.62384955
275,GOMECELLO,GOMECELLO,100.0,Salamanca,-5.533639655,41.04271772
276,GIRONA,GIRONA,100.0,Girona,2.824785924,41.9830715
277,GINESTAR,GINESTAR,100.0,Tarragona,0.634406415,41.04226742
278,GARRUCHA,GARRUCHA,100.0,Almería,-1.82188241,37.17939094
279,GARLITOS,GARLITOS,100.0,Badajoz,-5.047446234,38.87959496
280,GARCIA,GARCIA,100.0,Tarragona,0.648886318,41.13667722
281,GANDIA,GANDIA,100.0,València/Valencia,-0.179885836,38.96659102
282,TARADELL,TARADELL,100.0,Barcelona,2.28747892,41.87368679
283,TAFALLA,TAFALLA,100.0,Navarra,-1.674841483,42.52785373
284,TACORONTE,TACORONTE,100.0,Santa Cruz de Tenerife,-16.41274616,28.48091202
285,SUANCES,SUANCES,100.0,Cantabria,-4.042,43.42602778
286,SOTRESGUDO,SOTRESGUDO,100.0,Burgos,-4.17699242,42.57845949
287,SOTO DE LA VEGA,SOTO DE LA VEGA,100.0,León,-5.881149812,42.33242572
288,SON SERVERA,SON SERVERA,100.0,Illes Balears,3.360318346,39.62110287
289,SOBA,SOBA,100.0,Cantabria,-3.522138889,43.18591667
290,SITGES,SITGES,100.0,Barcelona,1.811855189,41.2350931
291,HORNILLOS DEL CAMINO,HORNILLOS DEL CAMINO,100.0,Burgos,-3.926644077,42.33866403
292,HORCAJO MEDIANERO,HORCAJO MEDIANERO,100.0,Salamanca,-5.406162952,40.63995276
293,HITA,HITA,100.0,Guadalajara,-3.049963621,40.82514474
294,HIENDELAENCINA,HIENDELAENCINA,100.0,Guadalajara,-3.004662917,41.08266322
295,HERRERA DE PISUERGA,HERRERA DE PISUERGA,100.0,Palencia,-4.329186061,42.59554903
296,HERRERA,HERRERA,100.0,Sevilla,-4.850392054,37.36468135
297,HERNIALDE,HERNIALDE,100.0,Gipuzkoa,-2.084795697,43.15477621
298,HERMIGUA,HERMIGUA,100.0,Santa Cruz de Tenerife,-17.19853773,28.16312012
299,HARO,HARO,100.0,La Rioja,-2.84634409,42.57711915
300,GUISSONA,GUISSONA,100.0,Lleida,1.28790814,41.7845585
301,GUILLENA,GUILLENA,100.0,Sevilla,-6.052131509,37.53930357
302,GUIJUELO,GUIJUELO,100.0,Salamanca,-5.67105789,40.55774919
303,GUARDAMAR DEL SEGURA,GUARDAMAR DEL SEGURA,100.0,Alacant/Alicante,-0.65388166,38.09012729
304,JADRAQUE,JADRAQUE,100.0,Guadalajara,-2.923218377,40.92544317
305,IZNATORAF,IZNATORAF,100.0,Jaén,-3.033100637,38.15735078
306,IZNATE,IZNATE,100.0,Málaga,-4.183416792,36.77601041
307,ITERO DEL CASTILLO,ITERO DEL CASTILLO,100.0,Burgos,-4.24471908,42.29021431
308,INCA,INCA,100.0,Illes Balears,2.910123098,39.72127227
309,ILLESCAS,ILLESCAS,100.0,Toledo,-3.849586645,40.12400447
310,IGUALADA,IGUALADA,100.0,Barcelona,1.617675754,41.57871439
311,ICOD DE LOS VINOS,ICOD DE LOS VINOS,100.0,Santa Cruz de Tenerife,-16.719316,28.3677556
312,IBARRA,IBARRA,100.0,Gipuzkoa,-2.062338214,43.13139992
313,HUESCA,HUESCA,100.0,Huesca,-0.409021685,42.14062757
314,HUELVA,HUELVA,100.0,Huelva,-6.949573738,37.25653557
315,LA GUANCHA,LA GUANCHA,100.0,Santa Cruz de Tenerife,-16.65241513,28.37824063
316,LA GRANJA D'ESCARP,LA GRANJA D'ESCARP,100.0,Lleida,0.35212657,41.41835081
317,LA GINETA,LA GINETA,100.0,Albacete,-1.996040561,39.11443927
318,LA CODOSERA,LA CODOSERA,100.0,Badajoz,-7.172767784,39.208167
319,L'HOSPITALET DE LLOBREGAT,L'HOSPITALET DE LLOBREGAT,100.0,Barcelona,2.099765445,41.35922749
320,JORBA,JORBA,100.0,Barcelona,1.548712482,41.60178711
321,JIRUEQUE,JIRUEQUE,100.0,Guadalajara,-2.902698763,40.96403616
322,JEREZ DE LA FRONTERA,JEREZ DE LA FRONTERA,100.0,Cádiz,-6.13824768,36.68267579
323,SEVILLA,SEVILLA,100.0,Sevilla,-5.994477382,37.38863668
324,SESTAO,SESTAO,100.0,Bizkaia,-3.007626505,43.30970998
325,SES SALINES,SES SALINES,100.0,Illes Balears,3.053505097,39.33932279
326,SELVA,SELVA,100.0,Illes Balears,2.901076886,39.75452173
327,SEGOVIA,SEGOVIA,100.0,Segovia,-4.1242287,40.95056392
328,SANTURTZI,SANTURTZI,100.0,Bizkaia,-3.032998332,43.32880226
329,SANTILLANA DEL MAR,SANTILLANA DEL MAR,100.0,Cantabria,-4.108361111,43.39058333
330,SANTIAGO DE COMPOSTELA,SANTIAGO DE COMPOSTELA,100.0,A Coruña,-8.546279665,42.88013729
331,SANTAS MARTAS,SANTAS MARTAS,100.0,León,-5.369340511,42.43095095
332,LA VECILLA,LA VECILLA,100.0,León,-5.405958008,42.8485681
333,LA TOBA,LA TOBA,100.0,Guadalajara,-2.982122721,41.00404603
334,LA TALA,LA TALA,100.0,Salamanca,-5.535912741,40.58994773
335,LA TAHA,LA TAHA,100.0,Granada,-3.325537434,36.93607523
336,LA SERNA,LA SERNA,100.0,Palencia,-4.664124221,42.41678273
337,LA PALMA DEL CONDADO,LA PALMA DEL CONDADO,100.0,Huelva,-6.553454637,37.38776677
338,LA MUELA,LA MUELA,100.0,Zaragoza,-1.118622793,41.58007125
339,LA LLOSA,LA LLOSA,100.0,Castelló/Castellón,-0.206630272,39.76857937
340,LA LASTRILLA,LA LASTRILLA,100.0,Segovia,-4.102970979,40.96853672
341,LA HUERCE,LA HUERCE,100.0,Guadalajara,-3.170004683,41.15250256
342,SANTANDER,SANTANDER,100.0,Cantabria,-3.809990345,43.46234344
343,SANTA SUSANNA,SANTA SUSANNA,100.0,Barcelona,2.70757338,41.63527208
344,SANTA MARTA DE TORMES,SANTA MARTA DE TORMES,100.0,Salamanca,-5.630865954,40.94901152
345,SANTA MARINA DEL REY,SANTA MARINA DEL REY,100.0,León,-5.860824338,42.51395282
346,SANTA MARGARIDA DE MONTBUI,SANTA MARGARIDA DE MONTBUI,100.0,Barcelona,1.60867,41.57463
347,SANTA MARGALIDA,SANTA MARGALIDA,100.0,Illes Balears,3.10127212,39.70308972
348,SANTA GADEA DEL CID,SANTA GADEA DEL CID,100.0,Burgos,-3.058878946,42.71456939
349,SANTA EUFEMIA,SANTA EUFEMIA,100.0,Córdoba,-4.90273243,38.59538366
350,LEPE,LEPE,100.0,Huelva,-7.203245253,37.25410615
351,LENA,LENA,100.0,Asturias,-5.829139145,43.15783836
352,LEITZA,LEITZA,100.0,Navarra,-1.914559483,43.07876573
353,LEIOA,LEIOA,100.0,Bizkaia,-2.986320088,43.32780985
354,LEBRIJA,LEBRIJA,100.0,Sevilla,-6.078611536,36.91966894
355,LASARTE-ORIA,LASARTE-ORIA,100.0,Gipuzkoa,-2.020358106,43.26837602
356,LAS ROZAS DE MADRID,LAS ROZAS DE MADRID,100.0,Madrid,-3.874368545,40.49313057
357,LAS PALMAS DE GRAN CANARIA,LAS PALMAS DE GRAN CANARIA,100.0,Las Palmas,-15.42846997,28.12492399
358,LAREDO,LAREDO,100.0,Cantabria,-3.414322157,43.40988809
359,LANTADILLA,LANTADILLA,100.0,Palencia,-4.276640174,42.34067958
360,LAGUNA DE NEGRILLOS,LAGUNA DE NEGRILLOS,100.0,León,-5.661321637,42.23916084
361,SANTA CRUZ DE TENERIFE,SANTA CRUZ DE TENERIFE,100.0,Santa Cruz de Tenerife,-16.2544857,28.4700052
362,SANTA CRUZ DE BOEDO,SANTA CRUZ DE BOEDO,100.0,Palencia,-4.373327198,42.52446447
363,SANTA CRUZ DE BEZANA,SANTA CRUZ DE BEZANA,100.0,Cantabria,-3.904722222,43.44044444
364,SANTA COLOMA DE GRAMENET,SANTA COLOMA DE GRAMENET,100.0,Barcelona,2.20788322,41.452234
365,SANTA COLOMA DE FARNERS,SANTA COLOMA DE FARNERS,100.0,Girona,2.662979505,41.86134018
366,SANT PERE DE RIBES,SANT PERE DE RIBES,100.0,Barcelona,1.77208075,41.26244603
367,SANT MATEU,SANT MATEU,100.0,Castelló/Castellón,0.180082098,40.46586358
368,SANT JOSEP DE SA TALAIA,SANT JOSEP DE SA TALAIA,100.0,Illes Balears,1.294366382,38.92129693
369,SANT JOAN DE LABRITJA,SANT JOAN DE LABRITJA,100.0,Illes Balears,1.513522846,39.07750164
370,SANT FELIU DE PALLEROLS,SANT FELIU DE PALLEROLS,100.0,Girona,2.506689644,42.07531171
371,SANT FELIU DE LLOBREGAT,SANT FELIU DE LLOBREGAT,100.0,Barcelona,2.04502085,41.38081997
372,LOS REALEJOS,LOS REALEJOS,100.0,Santa Cruz de Tenerife,-16.58398324,28.38163306
373,LOS CORRALES DE BUELNA,LOS CORRALES DE BUELNA,100.0,Cantabria,-4.068305556,43.25561111
374,LOS CORRALES,LOS CORRALES,100.0,Sevilla,-4.983130258,37.09705638
375,LORCA,LORCA,100.0,Murcia,-1.69989086,37.67648743
376,LOMA DE UCIEZA,LOMA DE UCIEZA,100.0,Palencia,-4.577588623,42.44202298
377,LOJA,LOJA,100.0,Granada,-4.149957,37.166389
378,LOECHES,LOECHES,100.0,Madrid,-3.409335111,40.38383529
379,LLUCMAJOR,LLUCMAJOR,100.0,Illes Balears,2.891579761,39.49103981
380,LLORET DE MAR,LLORET DE MAR,100.0,Girona,2.847593972,41.69860897
381,LLEIDA,LLEIDA,100.0,Lleida,0.6267342,41.61470371
382,LINARES,LINARES,100.0,Jaén,-3.636109564,38.09380401
383,LES PLANES D'HOSTOLES,LES PLANES D'HOSTOLES,100.0,Girona,2.537213469,42.05575443
384,MANACOR,MANACOR,100.0,Illes Balears,3.207723458,39.56915405
385,MALGRAT DE MAR,MALGRAT DE MAR,100.0,Barcelona,2.74108053,41.64570772
386,MAIRENA DEL ALJARAFE,MAIRENA DEL ALJARAFE,100.0,Sevilla,-6.065024618,37.34462331
387,MAIRENA DEL ALCOR,MAIRENA DEL ALCOR,100.0,Sevilla,-5.747741625,37.37316554
388,MAHORA,MAHORA,100.0,Albacete,-1.725972012,39.2127674
389,MAELLA,MAELLA,100.0,Zaragoza,0.139743375,41.12218541
390,MADRID,MADRID,100.0,Madrid,-3.691978194,40.41902552
391,LUGO,LUGO,100.0,Lugo,-7.555631945,43.01002323
392,LUESMA,LUESMA,100.0,Zaragoza,-1.145763486,41.16597066
393,LUESIA,LUESIA,100.0,Zaragoza,-1.024633275,42.36899081
394,LUENA,LUENA,100.0,Cantabria,-3.902277778,43.10466667
395,LUCENA,LUCENA,100.0,Córdoba,-4.485677932,37.40880744
396,LOS SILOS,LOS SILOS,100.0,Santa Cruz de Tenerife,-16.81693493,28.36553973
397,LOS SANTOS,LOS SANTOS,100.0,Salamanca,-5.79870842,40.54424763
398,MASIDE,MASIDE,100.0,Ourense,-8.025507701,42.4116705
399,MARTOS,MARTOS,100.0,Jaén,-3.965900495,37.72282642
400,MARINA DE CUDEYO,MARINA DE CUDEYO,100.0,Cantabria,-3.757111111,43.41869444
401,MARCILLA DE CAMPOS,MARCILLA DE CAMPOS,100.0,Palencia,-4.39602342,42.31741559
402,MARBELLA,MARBELLA,100.0,Málaga,-4.885136119,36.51051957
403,MANSILLA MAYOR,MANSILLA MAYOR,100.0,León,-5.443537634,42.50943973
404,MANRESA,MANRESA,100.0,Barcelona,1.826910769,41.72296102
405,MANLLEU,MANLLEU,100.0,Barcelona,2.283516223,42.0001652
406,MANCHA REAL,MANCHA REAL,100.0,Jaén,-3.612587972,37.78644315
407,SANT BOI DE LLOBREGAT,SANT BOI DE LLOBREGAT,100.0,Barcelona,2.043243624,41.34764805
408,SANT ANTONI DE PORTMANY,SANT ANTONI DE PORTMANY,100.0,Illes Balears,1.300417193,38.9790068
409,SANT ANDREU DE LA BARCA,SANT ANDREU DE LA BARCA,100.0,Barcelona,1.97119771,41.45001468
410,SAN VICENTE DE LA BARQUERA,SAN VICENTE DE LA BARQUERA,100.0,Cantabria,-4.401858397,43.38438366
411,SAN MIGUEL DE ABONA,SAN MIGUEL DE ABONA,100.0,Santa Cruz de Tenerife,-16.61600055,28.09676302
412,MIRAVET,MIRAVET,100.0,Tarragona,0.597706337,41.03797487
413,MIJAS,MIJAS,100.0,Málaga,-4.63674892,36.59658015
414,MIGUELTURRA,MIGUELTURRA,100.0,Ciudad Real,-3.889405954,38.96466946
415,MIGUEL ESTEBAN,MIGUEL ESTEBAN,100.0,Toledo,-3.076034568,39.52583921
416,MIERES,MIERES,100.0,Girona,2.640292341,42.1232957
417,MIERES,MIERES,100.0,Asturias,-5.772656931,43.24879409
418,MIERA,MIERA,100.0,Cantabria,-3.712222222,43.27558333
419,MIENGO,MIENGO,100.0,Cantabria,-3.992972388,43.42727515
420,MERUELO,MERUELO,100.0,Cantabria,-3.57469,43.45667163
421,MELGAR DE FERNAMENTAL,MELGAR DE FERNAMENTAL,100.0,Burgos,-4.244468376,42.40359719
422,MEJORADA DEL CAMPO,MEJORADA DEL CAMPO,100.0,Madrid,-3.484676669,40.39607182
423,MEDRANDA,MEDRANDA,100.0,Guadalajara,-2.937777907,40.98291618
424,MEDIO CUDEYO,MEDIO CUDEYO,100.0,Cantabria,-3.734444444,43.37869444
425,SAN JUAN DE AZNALFARACHE,SAN JUAN DE AZNALFARACHE,100.0,Sevilla,-6.027837352,37.35974033
426,SAN JAVIER,SAN JAVIER,100.0,Murcia,-0.834746361,37.80550117
427,SAN FERNANDO DE HENARES,SAN FERNANDO DE HENARES,100.0,Madrid,-3.535159932,40.42499329
428,SAN FERNANDO,SAN FERNANDO,100.0,Cádiz,-6.198664937,36.46487376
429,SAN FELICES DE BUELNA,SAN FELICES DE BUELNA,100.0,Cantabria,-4.050138889,43.27466667
430,SAN CRISTOVO DE CEA,SAN CRISTOVO DE CEA,100.0,Ourense,-7.985127975,42.47478341
431,SAN AMARO,SAN AMARO,100.0,Ourense,-8.072316169,42.37429612
432,MONTGAT,MONTGAT,100.0,Barcelona,2.278989831,41.46669911
433,MONTELLANO,MONTELLANO,100.0,Sevilla,-5.57094218,36.99575513
434,MONTEJO,MONTEJO,100.0,Salamanca,-5.621821154,40.63195378
435,MONT-ROIG DEL CAMP,MONT-ROIG DEL CAMP,100.0,Tarragona,0.958629593,41.08284418
436,MONFERO,MONFERO,100.0,A Coruña,-8.055871064,43.33437119
437,MONDA,MONDA,100.0,Málaga,-4.832319626,36.63019108
438,MONCOFA,MONCOFA,100.0,Castelló/Castellón,-0.145938942,39.80762867
439,MONACHIL,MONACHIL,100.0,Granada,-3.539745992,37.1322797
440,MOLLERUSSA,MOLLERUSSA,100.0,Lleida,0.894138582,41.62987134
441,MOLINS DE REI,MOLINS DE REI,100.0,Barcelona,2.016048169,41.41361739
442,MOGUER,MOGUER,100.0,Huelva,-6.838529068,37.27457241
443,SALT,SALT,100.0,Girona,2.792694081,41.97481493
444,SALOU,SALOU,100.0,Tarragona,1.135396881,41.08194938
445,SALAMANCA,SALAMANCA,100.0,Salamanca,-5.663629175,40.96550489
446,SADA,SADA,100.0,Navarra,-1.397667588,42.58582455
447,SADA,SADA,100.0,A Coruña,-8.253590465,43.35153066
448,SABADELL,SABADELL,100.0,Barcelona,2.10854737,41.546322
449,SA POBLA,SA POBLA,100.0,Illes Balears,3.024789488,39.76978714
450,RUTE,RUTE,100.0,Córdoba,-4.371164203,37.32563165
451,RUILOBA,RUILOBA,100.0,Cantabria,-4.252111111,43.38094444
452,RUESGA,RUESGA,100.0,Cantabria,-3.563666667,43.28144444
453,RUENTE,RUENTE,100.0,Cantabria,-4.267333333,43.25908333
454,NAVIA,NAVIA,100.0,Asturias,-6.723463459,43.53904222
455,NAVALVILLAR DE IBOR,NAVALVILLAR DE IBOR,100.0,Cáceres,-5.413348299,39.58504406
456,MURO DE ALCOY,MURO DE ALCOY,100.0,Alacant/Alicante,-0.43700593,38.78025146
457,MURO,MURO,100.0,Illes Balears,3.057583933,39.73669705
458,MURCIA,MURCIA,100.0,Murcia,-1.13020828,37.98345552
459,MURCHANTE,MURCHANTE,100.0,Navarra,-1.657163418,42.02905985
460,MOTRIL,MOTRIL,100.0,Granada,-3.520455593,36.74535308
461,MORISCOS,MORISCOS,100.0,Salamanca,-5.582008933,41.00818298
462,MONTMANEU,MONTMANEU,100.0,Barcelona,1.414454321,41.62610969
463,MONTIJO,MONTIJO,100.0,Badajoz,-6.617138638,38.90826426
464,OURENSE,OURENSE,100.0,Ourense,-7.863836656,42.33553117
465,OSORNO LA MAYOR,OSORNO LA MAYOR,100.0,Palencia,-4.362096324,42.41170796
466,OSORNILLO,OSORNILLO,100.0,Palencia,-4.291378343,42.36962366
467,ORERA,ORERA,100.0,Zaragoza,-1.479620945,41.29885725
468,ONDARROA,ONDARROA,100.0,Bizkaia,-2.420383814,43.32075337
469,ONDA,ONDA,100.0,Castelló/Castellón,-0.264285117,39.96266286
470,OLIVA,OLIVA,100.0,València/Valencia,-0.119354959,38.91985921
471,OLEIROS,OLEIROS,100.0,A Coruña,-8.317162895,43.33321696
472,NUMANCIA DE LA SAGRA,NUMANCIA DE LA SAGRA,100.0,Toledo,-3.854834432,40.07608875
473,NOGAL DE LAS HUERTAS,NOGAL DE LAS HUERTAS,100.0,Palencia,-4.640413244,42.39122388
474,ROTA,ROTA,100.0,Cádiz,-6.358020846,36.61695048
475,ROSSELL,ROSSELL,100.0,Castelló/Castellón,0.221553482,40.61861453
476,ROSES,ROSES,100.0,Girona,3.175051778,42.26328102
477,ROQUETAS DE MAR,ROQUETAS DE MAR,100.0,Almería,-2.614968311,36.76430668
478,RONDA,RONDA,100.0,Málaga,-5.164911752,36.73702786
479,ROBLEDO DE CORPES,ROBLEDO DE CORPES,100.0,Guadalajara,-2.950264585,41.11777286
480,RIVAS-VACIAMADRID,RIVAS-VACIAMADRID,100.0,Madrid,-3.547793323,40.35497882
481,RIOTORTO,RIOTORTO,100.0,Lugo,-7.261117819,43.3420391
482,PEDROSA DE LA VEGA,PEDROSA DE LA VEGA,100.0,Palencia,-4.746383703,42.48195385
483,PEDRERA,PEDRERA,100.0,Sevilla,-4.896544206,37.22304941
484,PECHINA,PECHINA,100.0,Almería,-2.440749778,36.91672079
485,PARACUELLOS DE JARAMA,PARACUELLOS DE JARAMA,100.0,Madrid,-3.531862851,40.50513082
486,PALMA,PALMA,100.0,Illes Balears,2.650429253,39.56908012
487,PALENCIA DE NEGRILLA,NEGRILLA DE PALENCIA,100.0,Salamanca,-5.592268664,41.0918484
488,PALENCIA,PALENCIA,100.0,Palencia,-4.532801015,42.01111958
489,PALAFRUGELL,PALAFRUGELL,100.0,Girona,3.164049833,41.91497122
490,PALAFOLLS,PALAFOLLS,100.0,Barcelona,2.749127703,41.66698545
491,RIONANSA,RIONANSA,100.0,Cantabria,-4.405972222,43.25544444
492,REZMONDO,REZMONDO,100.0,Burgos,-4.2381635,42.51594832
493,REVILLA DE COLLAZOS,REVILLA DE COLLAZOS,100.0,Palencia,-4.503745451,42.62941624
494,REUS,REUS,100.0,Tarragona,1.108826312,41.15544928
495,RENEDO DE LA VEGA,RENEDO DE LA VEGA,100.0,Palencia,-4.703369417,42.45273104
496,REINOSA,REINOSA,100.0,Cantabria,-4.137972222,43.00105556
497,RAMALES DE LA VICTORIA,RAMALES DE LA VICTORIA,100.0,Cantabria,-3.464472222,43.25652778
498,QUART DE POBLET,QUART DE POBLET,100.0,València/Valencia,-0.442457702,39.48286691
499,PURULLENA,PURULLENA,100.0,Granada,-3.189388988,37.31479514
500,PUERTO DEL ROSARIO,PUERTO DEL ROSARIO,100.0,Las Palmas,-13.85971312,28.4987677
501,POIO,POIO,100.0,Pontevedra,-8.685772728,42.44613645
502,POBLADURA DEL VALLE,POBLADURA DEL VALLE,100.0,Zamora,-5.733430868,42.10250415
503,PLASENCIA,PLASENCIA,100.0,Cáceres,-6.08954211,40.03008663
504,PIZARRAL,PIZARRAL,100.0,Salamanca,-5.65093016,40.61631141
505,PINA DE EBRO,PINA DE EBRO,100.0,Zaragoza,-0.531693493,41.48790609
506,PILES,PILES,100.0,València/Valencia,-0.134290695,38.94107111
507,PIERA,PIERA,100.0,Barcelona,1.743458481,41.51806079
508,PESQUERA,PESQUERA,100.0,Cantabria,-4.080444444,43.08211111
509,PESAGUERO,PESAGUERO,100.0,Cantabria,-4.544083333,43.07630556
510,PENAGOS,PENAGOS,100.0,Cantabria,-3.818859128,43.34012611
511,PUERTO DE LA CRUZ,PUERTO DE LA CRUZ,100.0,Santa Cruz de Tenerife,-16.54830164,28.41791004
512,PUENTE VIESGO,PUENTE VIESGO,100.0,Cantabria,-3.964222222,43.29894444
513,PUENTE DEL CONGOSTO,PUENTE DEL CONGOSTO,100.0,Salamanca,-5.526441607,40.4897582
514,PORTUGALETE,PORTUGALETE,100.0,Bizkaia,-3.017224834,43.32126727
515,PONTEVEDRA,PONTEVEDRA,100.0,Pontevedra,-8.646859346,42.43199391
516,POLANCO,POLANCO,100.0,Cantabria,-4.018222222,43.38469444
517,POLACIONES,POLACIONES,100.0,Cantabria,-4.414222222,43.10052778
518,ADEJE,ADEJE,100.0,Santa Cruz de Tenerife,-16.72419872,28.12265764
519,ZAFRA,ZAFRA,100.0,Badajoz,-6.418558803,38.42634413
520,YUNQUERA,YUNQUERA,100.0,Málaga,-4.917332409,36.73420332
521,YUNCOS,YUNCOS,100.0,Toledo,-3.874486368,40.08546545
522,YELES,YELES,100.0,Toledo,-3.803976286,40.1200479
523,YAIZA,YAIZA,100.0,Las Palmas,-13.7644852,28.95247817
524,XIRIVELLA,XIRIVELLA,100.0,València/Valencia,-0.428657816,39.46304643
525,VIVEIRO,VIVEIRO,100.0,Lugo,-7.595224784,43.66214151
526,VITORIA-GASTEIZ,VITORIA-GASTEIZ,100.0,Araba/Álava,-2.672340318,42.84682395
527,VILLAZANZO DE VALDERADUEY,VILLAZANZO DE VALDERADUEY,100.0,León,-4.96465214,42.53656187
528,VILLAVERDE DE GUADALIMAR,VILLAVERDE DE GUADALIMAR,100.0,Albacete,-2.518480636,38.456169
529,VILLASILA DE VALDAVIA,VILLASILA DE VALDAVIA,100.0,Palencia,-4.559612409,42.53205726
530,ALBURQUERQUE,ALBURQUERQUE,100.0,Badajoz,-6.999547591,39.21860403
531,ALBOLOTE,ALBOLOTE,100.0,Granada,-3.657285568,37.23058226
532,ALBENDIEGO,ALBENDIEGO,100.0,Guadalajara,-3.05185696,41.22686302
533,ALBACETE,ALBACETE,100.0,Albacete,-1.855677516,38.99613428
534,ALAMEDA DE LA SAGRA,ALAMEDA DE LA SAGRA,100.0,Toledo,-3.797266622,40.01345502
535,AITONA,AITONA,100.0,Lleida,0.458504342,41.49439181
536,AGUADULCE,AGUADULCE,100.0,Sevilla,-4.991368556,37.2526978
537,AGRAMUNT,AGRAMUNT,100.0,Lleida,1.09885304,41.78702144
538,ADEMUZ,ADEMUZ,100.0,València/Valencia,-1.28614068,40.06077005
539,MURO DEL ALCOY,MURO DE ALCOY,96.2962962962963,Alacant/Alicante,-0.43700593,38.78025146
540,VILLANUEVA DE LA CONCEPCION,VILLANUEVA DE LA CONCEPCIÓN,96.2962962962963,Málaga,-4.528681097,36.93273552
541,SAN CRISTOBAL DE LA LAGUNA,SAN CRISTÓBAL DE LA LAGUNA,96.15384615384616,Santa Cruz de Tenerife,-16.31403442,28.48720802
542,SAN CRISTOBAL DE LA CUESTA,SAN CRISTÓBAL DE LA CUESTA,96.15384615384616,Salamanca,-5.618927894,41.02938179
543,VILLANUEVA DEL RIO Y MINAS,VILLANUEVA DEL RÍO Y MINAS,96.15384615384616,Sevilla,-5.71415883,37.65992614
544,CHINCHILLA DE MONTE-ARAGON,CHINCHILLA DE MONTE-ARAGÓN,96.15384615384616,Albacete,-1.724648889,38.92110241
545,SAN BARTOLOME DE TIRAJANA,SAN BARTOLOMÉ DE TIRAJANA,96.0,Las Palmas,-15.57288107,27.92498769
546,SAN CRISTOBAL DE SEGOVIA,SAN CRISTÓBAL DE SEGOVIA,95.83333333333334,Segovia,-4.078509229,40.95280442
547,SAN VICENTE DE ALCANTARA,SAN VICENTE DE ALCÁNTARA,95.83333333333334,Badajoz,-7.138049915,39.36259954
548,EL PUERTO DE SANTA MARIA,EL PUERTO DE SANTA MARÍA,95.83333333333334,Cádiz,-6.225395054,36.60045754
549,ZARZOSA DE RIO PISUERGA,ZARZOSA DE RÍO PISUERGA,95.65217391304348,Burgos,-4.267592957,42.5361905
550,SANT JULIA DE VILATORTA,SANT JULIÀ DE VILATORTA,95.65217391304348,Barcelona,2.325519768,41.9225763
551,SANTA LUCIA DE TIRAJANA,SANTA LUCÍA DE TIRAJANA,95.65217391304348,Las Palmas,-15.54064054,27.91206145
552,SAN CRISTOBAL DE BOEDO,SAN CRISTÓBAL DE BOEDO,95.45454545454545,Palencia,-4.352423688,42.54207548
553,LES MASIES DE VOLTREGA,LES MASIES DE VOLTREGÀ,95.45454545454545,Barcelona,2.2501741,42.012591
554,SANTA EUGENIA DE BERGA,SANTA EUGÈNIA DE BERGA,95.45454545454545,Barcelona,2.282964801,41.90023339
555,SANT FELIU DE GUIXOLS,SANT FELIU DE GUÍXOLS,95.23809523809523,Girona,3.029032267,41.78023597
556,VILLANUEVA DE GALLEGO,VILLANUEVA DE GÁLLEGO,95.23809523809523,Zaragoza,-0.821734496,41.76777142
557,ROPERUELOS DEL PARAMO,ROPERUELOS DEL PÁRAMO,95.23809523809523,León,-5.781050959,42.23766505
558,SANLUCAR DE BARRAMEDA,SANLÚCAR DE BARRAMEDA,95.23809523809523,Cádiz,-6.35464307,36.77573077
559,LA TORRE D'EN DOMENEC,LA TORRE D'EN DOMÉNEC,95.23809523809523,Castelló/Castellón,0.070549955,40.26353297
560,SANTA EULARIA DES RIU,SANTA EULÀRIA DES RIU,95.23809523809523,Illes Balears,1.533321,38.985112
561,SANT CUGAT DEL VALLES,SANT CUGAT DEL VALLÈS,95.23809523809523,Barcelona,2.085282137,41.4705194
562,CARRION DE LOS CONDES,CARRIÓN DE LOS CONDES,95.23809523809523,Palencia,-4.604350558,42.33766973
563,PALMACES DE JADRAQUE,PÁLMACES DE JADRAQUE,95.0,Guadalajara,-2.910161622,41.05658855
564,CILLORIGO DE LIEBANA,CILLORIGO DE LIÉBANA,95.0,Cantabria,-4.600472222,43.17725
565,MORON DE LA FRONTERA,MORÓN DE LA FRONTERA,95.0,Sevilla,-5.451848802,37.12221466
566,ALHAURIN DE LA TORRE,ALHAURÍN DE LA TORRE,95.0,Málaga,-4.565558575,36.66166579
567,ALCAZAR DE SAN JUAN,ALCÁZAR DE SAN JUAN,94.73684210526316,Ciudad Real,-3.210532523,39.38906798
568,SAN MAMES DE CAMPOS,SAN MAMÉS DE CAMPOS,94.73684210526316,Palencia,-4.565349704,42.35591959
569,URDIALES DEL PARAMO,URDIALES DEL PÁRAMO,94.73684210526316,León,-5.773788687,42.37156885
570,HUERMECES DEL CERRO,HUÉRMECES DEL CERRO,94.73684210526316,Guadalajara,-2.796335984,41.05277688
571,LA CABEZA DE BEJAR,LA CABEZA DE BÉJAR,94.44444444444444,Salamanca,-5.663536085,40.49512496
572,HOSPITAL DE ORBIGO,HOSPITAL DE ÓRBIGO,94.44444444444444,León,-5.882080054,42.46371176
573,SANT MARTI DE TOUS,SANT MARTÍ DE TOUS,94.44444444444444,Barcelona,1.523365478,41.56078182
574,POZUELO DE ALARCON,POZUELO DE ALARCÓN,94.44444444444444,Madrid,-3.813932585,40.43437971
575,XUNQUEIRA DE AMBIA,XUNQUEIRA DE AMBÍA,94.44444444444444,Ourense,-7.735274608,42.20411096
576,SANT MARTI SARROCA,SANT MARTÍ SARROCA,94.44444444444444,Barcelona,1.611296971,41.38411633
577,VALDEPRADO DEL RIO,VALDEPRADO DEL RÍO,94.44444444444444,Cantabria,-4.077138889,42.90958333
578,VALLE DE ABDALAJIS,VALLE DE ABDALAJÍS,94.44444444444444,Málaga,-4.682981603,36.93126696
579,ALCALA DE HENARES,ALCALÁ DE HENARES,94.11764705882352,Madrid,-3.364867022,40.48179286
580,LA POLA DE GORDON,LA POLA DE GORDÓN,94.11764705882352,León,-5.670264289,42.85485566
581,POSADA DE VALDEON,POSADA DE VALDEÓN,94.11764705882352,León,-4.918420919,43.15113963
582,MOLLET DEL VALLES,MOLLET DEL VALLÈS,94.11764705882352,Barcelona,2.210448952,41.53545654
583,CABEZON DE LA SAL,CABEZÓN DE LA SAL,94.11764705882352,Cantabria,-4.236861111,43.30894444
584,SANLUCAR LA MAYOR,SANLÚCAR LA MAYOR,94.11764705882352,Sevilla,-6.201663809,37.38571156
585,TORREJON DE ARDOZ,TORREJÓN DE ARDOZ,94.11764705882352,Madrid,-3.479824013,40.45917387
586,BASCONES DE OJEDA,BÁSCONES DE OJEDA,94.11764705882352,Palencia,-4.526921383,42.67071108
587,PRIEGO DE CORDOBA,PRIEGO DE CÓRDOBA,94.11764705882352,Córdoba,-4.194987145,37.43894782
588,FUENTES DE BEJAR,FUENTES DE BÉJAR,93.75,Salamanca,-5.69441491,40.50769753
589,PACS DEL PENEDES,PACS DEL PENEDÈS,93.75,Barcelona,1.669616861,41.36109901
590,ALCALA DE XIVERT,ALCALÀ DE XIVERT,93.75,Castelló/Castellón,0.224864721,40.30366631
591,PUEBLA DE GUZMAN,PUEBLA DE GUZMÁN,93.75,Huelva,-7.247612926,37.61297057
592,BADIA DEL VALLES,BADIA DEL VALLÈS,93.75,Barcelona,2.113718172,41.50892367
593,TORREJON DEL REY,TORREJÓN DEL REY,93.75,Guadalajara,-3.33708484,40.64444121
594,PARAMO DE BOEDO,PÁRAMO DE BOEDO,93.33333333333333,Palencia,-4.399396777,42.57827818
595,MARIA DE HUERVA,MARÍA DE HUERVA,93.33333333333333,Zaragoza,-0.996783537,41.53774708
596,CABRERA D?ANOIA,CABRERA D'ANOIA,93.33333333333333,Barcelona,1.703878862,41.47761659
597,PEÃ‘ARROYA-PUEBLONUEVO,PEÑARROYA-PUEBLONUEVO,93.02325581395348,Córdoba,-5.268572802,38.29974897
598,MONTERRUBIO DE ARMUÃ‘A,MONTERRUBIO DE ARMUÑA,93.02325581395348,Salamanca,-5.643378676,41.02645132
599,SAN LEONARDO DE YAGÃœE,SAN LEONARDO DE YAGÜE,93.02325581395348,Soria,-3.06791283,41.82943541
600,SOTOBAÃ‘ADO Y PRIORATO,SOTOBAÑADO Y PRIORATO,93.02325581395348,Palencia,-4.441663648,42.59041128
601,VILLANUÃ‘O DE VALDAVIA,VILLANUÑO DE VALDAVIA,93.02325581395348,Palencia,-4.518353099,42.50830289
602,ALCALA LA REAL,ALCALÁ LA REAL,92.85714285714286,Jaén,-3.925072294,37.46347506
603,VILOBI D'ONYAR,VILOBÍ D'ONYAR,92.85714285714286,Girona,2.742900818,41.88832992
604,LA VALL D'UIXO,LA VALL D'UIXÓ,92.85714285714286,Castelló/Castellón,-0.23240263,39.82386911
605,FUENTE-OBEJUNA,FUENTE OBEJUNA,92.85714285714286,Córdoba,-5.41981268,38.26704855
606,L'ALFAS DEL PI,L'ALFÀS DEL PI,92.85714285714286,Alacant/Alicante,-0.101819775,38.57965958
607,CORIA DEL RIO,CORIA DEL RÍO,92.3076923076923,Sevilla,-6.051569001,37.28514415
608,RONQUILLO (EL),EL RONQUILLO,92.3076923076923,Sevilla,-6.177059715,37.72546797
609,RINCONADA (LA),LA RINCONADA,92.3076923076923,Sevilla,-5.979427382,37.48771705
610,SAN BARTOLOME,SAN BARTOLOMÉ,92.3076923076923,Las Palmas,-13.61406607,29.00144356
611,GUIA DE ISORA,GUÍA DE ISORA,92.3076923076923,Santa Cruz de Tenerife,-16.77853264,28.20927589
612,PUNTA UMBRIA,PUNTA UMBRÍA,91.66666666666666,Huelva,-6.967141961,37.18247236
613,VALDEPIELAGO,VALDEPIÉLAGO,91.66666666666666,León,-5.400774324,42.87034532
614,SOCUELLAMOS,SOCUÉLLAMOS,90.9090909090909,Ciudad Real,-2.792589859,39.28647673
615,MORA D'EBRE,MÓRA D'EBRE,90.9090909090909,Tarragona,0.64173772,41.09329379
616,CALVIA,CAVIA,90.9090909090909,Burgos,-3.84672744,42.2843136
617,BENALMADENA,BENALMÁDENA,90.9090909090909,Málaga,-4.573374967,36.5950052
618,ALARO,ALFARO,90.9090909090909,La Rioja,-1.750091999,42.17931427
619,GARROBO (EL),EL GARROBO,90.9090909090909,Sevilla,-6.172541156,37.62541184
620,GALDAR,GALAR,90.9090909090909,Navarra,-1.69930358,42.762149
621,DONOSTIA-SAN SEBASTIAN,DONOSTIA/SAN SEBASTIÁN,90.9090909090909,Gipuzkoa,-1.985720943,43.32152279
622,SANTA MARIA DEL PARAMO,SANTA MARÍA DEL PÁRAMO,90.9090909090909,León,-5.749308937,42.3534464
623,CABRERA DÂ´ANOIA,CABRERA D'ANOIA,90.32258064516128,Barcelona,1.703878862,41.47761659
624,VILLARRABE,VILLARRABÉ,90.0,Palencia,-4.783736669,42.42146368
625,ALBOCASSER,ALBOCÀSSER,90.0,Castelló/Castellón,0.024311045,40.35762174
626,TARDAGUILA,TARDÁGUILA,90.0,Salamanca,-5.575303899,41.11473206
627,SANT LLUIS,SANT LLUÍS,90.0,Illes Balears,4.25749237,39.84905505
628,CASTELLOLI,CASTELLOLÍ,90.0,Barcelona,1.700348105,41.59814617
629,TORREMEJIA,TORREMEJÍA,90.0,Badajoz,-6.376271458,38.78933299
630,SANTA MARIA DEL CAMI,SANTA MARÍA DEL CAMÍ,90.0,Illes Balears,2.778762712,39.64719778
631,SANTA MARIA DE CAYON,SANTA MARÍA DE CAYÓN,90.0,Cantabria,-3.852944444,43.30961111
632,VERGER (EL),EL VERGER,90.0,Alacant/Alicante,0.010425143,38.8472443
633,SANTILLANA,CANTILLANA,90.0,Sevilla,-5.825876608,37.60870443
634,PAMPLONA/IRUÃ‘A,PAMPLONA/IRUÑA,89.65517241379311,Navarra,-1.644406262,42.818565
635,AÃ‘OVER DE TAJO,AÑOVER DE TAJO,89.65517241379311,Toledo,-3.76609975,39.98900362
636,CHILCHES,CHILOECHES,88.88888888888889,Guadalajara,-3.161646065,40.5730001
637,LIERGANES,LIÉRGANES,88.88888888888889,Cantabria,-3.745638889,43.34494444
638,LA VELLES,LA VELLÉS,88.88888888888889,Salamanca,-5.568111336,41.07353565
639,GIBRALEON,GIBRALEÓN,88.88888888888889,Huelva,-6.970437183,37.37473477
640,BENICARLO,BENICARLÓ,88.88888888888889,Castelló/Castellón,0.42313527,40.41832759
641,VALDALIGA,VALDÁLIGA,88.88888888888889,Cantabria,-4.350222222,43.32922222
642,GALAPAGOS,GALÁPAGOS,88.88888888888889,Guadalajara,-3.337288213,40.69480885
643,BENIARRES,BENIARRÉS,88.88888888888889,Alacant/Alicante,-0.379373765,38.81989967
644,ARTA,ARTEA,88.88888888888889,Bizkaia,-2.782605124,43.13262828
645,RUBI,RUBIÁ,88.88888888888889,Ourense,-6.946384892,42.44749358
646,CABEZON DE LIEBANA,CABEZÓN DE LIÉBANA,88.88888888888889,Cantabria,-4.575305556,43.13355556
647,HERRERIAS,HERRERÍAS,88.88888888888889,Cantabria,-4.471222222,43.30713889
648,SOLORZANO,SOLÓRZANO,88.88888888888889,Cantabria,-3.587416667,43.381
649,O CARBALLIÃ‘O,O CARBALLIÑO,88.0,Ourense,-8.077541083,42.42972473
650,S.SEBASTIAN DE LA GOMERA,SAN SEBASTIÁN DE LA GOMERA,88.0,Santa Cruz de Tenerife,-17.10960143,28.09043682
651,ALCORCON,ALCORCÓN,87.5,Madrid,-3.828794481,40.34949949
652,CERVELLO,CERVELLÓ,87.5,Barcelona,1.95893655,41.39609482
653,SANTANYI,SANTANYÍ,87.5,Illes Balears,3.128350103,39.35433383
654,L?ESCALA,L'ESCALA,87.5,Girona,3.132256312,42.12484015
655,SIGUENZA,SIGÜENZA,87.5,Guadalajara,-2.640327165,41.06769162
656,PORTUGOS,PÓRTUGOS,87.5,Granada,-3.310316852,36.94244346
657,PIELAGOS,PIÉLAGOS,87.5,Cantabria,-3.956583333,43.35605556
658,BARBADAS,BARBADÁS,87.5,Ourense,-7.887469714,42.29905445
659,MENGIBAR,MENGÍBAR,87.5,Jaén,-3.808564834,37.96833969
660,VALENCIA,PALENCIA,87.5,Palencia,-4.532801015,42.01111958
661,MAZALEON,MAZALEÓN,87.5,Teruel,0.103783372,41.04970142
662,MIRALRIO,MIRALRÍO,87.5,Guadalajara,-2.943317481,40.88897173
663,CARTAMA,CARTAJIMA,87.5,Málaga,-5.153987155,36.64542761
664,CHINCHON,CHINCHÓN,87.5,Madrid,-3.423102611,40.13994193
665,MARRATXI,MARRATXÍ,87.5,Illes Balears,2.750216646,39.62197678
666,MOSTOLES,MÓSTOLES,87.5,Madrid,-3.865398528,40.32271371
667,LA UNION,LA UNIÓN,87.5,Murcia,-0.878133879,37.61723475
668,TORRE DEL CAMPO,TORRIJO DEL CAMPO,87.5,Teruel,-1.337314841,40.82672118
669,VALDEOLMOS,VALDEOLMILLOS,86.95652173913044,Palencia,-4.399486979,42.04125931
670,PEDRO MUÃ‘OZ,PEDRO MUÑOZ,86.95652173913044,Ciudad Real,-2.947399759,39.40608885
671,POZO CAÃ‘ADA,POZO CAÑADA,86.95652173913044,Albacete,-1.733102562,38.80375242
672,ARRONIZ,ARRÓNIZ,85.71428571428572,Navarra,-2.091116429,42.58900059
673,ARGANDA,ARGANZA,85.71428571428572,León,-6.687777904,42.63921212
674,VELEZ BENAUDALLA,VÉLEZ DE BENAUDALLA,85.71428571428572,Granada,-3.515882838,36.83218852
675,ROIZ,OIZ,85.71428571428572,Navarra,-1.686849643,43.10934275
676,PEÃ‘ARRUBIA,PEÑARRUBIA,85.71428571428572,Cantabria,-4.583742412,43.25247735
677,BENALUA,BENALÚA,85.71428571428572,Granada,-3.169069794,37.35012457
678,VALDES,VALDERAS,85.71428571428572,León,-5.445518883,42.0786193
679,CACERES,CASERES,85.71428571428572,Tarragona,0.250532531,41.03860177
680,BREÃ‘A BAJA,BREÑA BAJA,85.71428571428572,Santa Cruz de Tenerife,-17.77552313,28.6455791
681,BERIAIN,BERIÁIN,85.71428571428572,Navarra,-1.644047064,42.73427624
682,MARUGAN,MARUGÁN,85.71428571428572,Segovia,-4.384315835,40.89669634
683,BREÃ‘A ALTA,BREÑA ALTA,85.71428571428572,Santa Cruz de Tenerife,-17.78694284,28.66337401
684,SASAMON,SASAMÓN,85.71428571428572,Burgos,-4.04353133,42.41773372
685,SARRION,SARRIÓN,85.71428571428572,Teruel,-0.815520182,40.14074048
686,CORDOBA,CÓRDOBA,85.71428571428572,Córdoba,-4.776241735,37.88519997
687,LEGANES,LEGANÉS,85.71428571428572,Madrid,-3.758378081,40.32705474
688,LAMASON,LAMASÓN,85.71428571428572,Cantabria,-4.48456253,43.25278888
689,TARREGA,TÀRREGA,85.71428571428572,Lleida,1.13894591,41.6463488
690,TALAVAN,TALAVÁN,85.71428571428572,Cáceres,-6.281643016,39.71818833
691,ALCUDIA,ALCÚDIA,85.71428571428572,Illes Balears,3.121145924,39.85294857
692,IZNAJAR,IZNÁJAR,85.71428571428572,Córdoba,-4.308217293,37.25729642
693,ILLORA,VILLORIA,85.71428571428572,Salamanca,-5.37570686,40.99546161
694,ALMERIA,ALMERÍA,85.71428571428572,Almería,-2.467672485,36.84011268
695,VINAROS,VINARÒS,85.71428571428572,Castelló/Castellón,0.474684425,40.47065028
696,AGUIMES,AGÜIMES,85.71428571428572,Las Palmas,-15.44577191,27.90383204
697,AGUILON,AGUILÓN,85.71428571428572,Zaragoza,-1.045920441,41.29477481
698,FUSTIÃ‘ANA,FUSTIÑANA,84.21052631578947,Navarra,-1.486241155,42.020046
699,LA BAÃ‘EZA,LA BAÑEZA,84.21052631578947,León,-5.897046967,42.29998283
700,CASTELLON,CASTELLOLÍ,84.21052631578947,Barcelona,1.700348105,41.59814617
701,CASTAÃ‘EDA,CASTAÑEDA,84.21052631578947,Cantabria,-3.93,43.31019444
702,SALOBREÃ‘A,SALOBREÑA,84.21052631578947,Granada,-3.587235177,36.74672265
703,PUERTO DE SANTA MARIA (EL),EL PUERTO DE SANTA MARÍA,84.0,Cádiz,-6.225395054,36.60045754
704,MALAGA,ALIAGA,83.33333333333334,Teruel,-0.70228002,40.67472478
705,MATARO,MATARÓ,83.33333333333334,Barcelona,2.444903248,41.53981598
706,DALIAS,ADALIA,83.33333333333334,Valladolid,-5.121854659,41.64854236
707,LLANSA,ILLANA,83.33333333333334,Guadalajara,-2.908451452,40.18397504
708,RENEDO,ARNEDO,83.33333333333334,La Rioja,-2.100121281,42.22780485
709,RONCAL,ONCALA,83.33333333333334,Soria,-2.312242372,41.97076931
710,MOCLIN,MOCLÍN,83.33333333333334,Granada,-3.785773269,37.34008729
711,BUBION,BUBIÓN,83.33333333333334,Granada,-3.35677315,36.94884587
712,PAJARA,PÁJARA,83.33333333333334,Las Palmas,-14.10786639,28.35098162
713,SADABA,SÁDABA,83.33333333333334,Zaragoza,-1.272654376,42.28119593
714,BAILEN,BAILÉN,83.33333333333334,Jaén,-3.77483982,38.09599316
715,REOCIN,REOCÍN,83.33333333333334,Cantabria,-4.08725,43.35969444
716,HUETOR TAJAR,HUÉTOR TÁJAR,83.33333333333334,Granada,-4.046919896,37.1940599
717,FUENTE TOJAR,FUENTE-TÓJAR,83.33333333333334,Córdoba,-4.145164937,37.50937637
718,VELEZ-MALAGA,VÉLEZ-MÁLAGA,83.33333333333334,Málaga,-4.104302211,36.78133591
719,LÂ´ESCALA,L'ESCALA,82.35294117647058,Girona,3.132256312,42.12484015
720,VEGUILLA,SEGURILLA,82.35294117647058,Toledo,-4.864944259,40.02257218
721,A CORUÃ‘A,A CORUÑA,82.35294117647058,A Coruña,-8.395825599,43.37149478
722,SIGÃœENZA,SIGÜENZA,82.35294117647058,Guadalajara,-2.640327165,41.06769162
723,POLLENÃ‡A,POLLENÇA,82.35294117647058,Illes Balears,3.014696646,39.87840505
724,ALMAZORA,ALMASSORA,82.35294117647058,Castelló/Castellón,-0.063314937,39.94526703
725,CAÃ‘AMERO,CAÑAMERO,82.35294117647058,Cáceres,-5.388349562,39.3782484
726,SARIÃ‘ENA,SARIÑENA,82.35294117647058,Huesca,-0.157634184,41.79214589
727,CASTELLON DE LA PLANA,LANGA DEL CASTILLO,82.05128205128204,Zaragoza,-1.398713305,41.21339611
728,VALDECILLA,VALDESTILLAS,81.81818181818181,Valladolid,-4.771194997,41.47553166
729,ALICANTE/ALACANT,ALACANT/ALICANTE,81.25,Alacant/Alicante,-0.481365702,38.34530726
730,PALMA DEL CONDADO (LA),LA PALMA DEL CONDADO,80.95238095238095,Huelva,-6.553454637,37.38776677
731,BETXI,BETXÍ,80.0,Castelló/Castellón,-0.197434857,39.92853566
732,VICAR,VÍCAR,80.0,Almería,-2.643187459,36.83102231
733,AVILA,CAVIA,80.0,Burgos,-3.84672744,42.2843136
734,EJEA,TEJEDA,80.0,Las Palmas,-15.61570612,27.99506576
735,ECIJA,ÉCIJA,80.0,Sevilla,-5.079666029,37.54180859
736,DENIA,DÉNIA,80.0,Alacant/Alicante,0.105883001,38.84131618
737,ELCHE,ILCHE,80.0,Huesca,0.057166434,41.95752209
738,SANTA MARIA DE GUIA,SANTA MARÍA DE DULCIS,80.0,Huesca,0.016262628,42.11486519
739,LA POLA,LA OLIVA,80.0,Las Palmas,-13.92772895,28.61023622
740,CAÃ‘IZAL,CAÑIZAL,80.0,Zamora,-5.367722321,41.16711832
741,LOGROÃ‘O,LOGROÑO,80.0,La Rioja,-2.439098065,42.46630675
742,BURON,BURÓN,80.0,León,-5.051661412,43.02445619
743,NIJAR,NÍJAR,80.0,Almería,-2.206606998,36.96577831
744,AGÃœIMES,AGÜIMES,80.0,Las Palmas,-15.44577191,27.90383204
745,SETLA,SELAS,80.0,Guadalajara,-2.103144991,40.95144787
746,JAEN,JAYENA,80.0,Granada,-3.822815397,36.94890457
747,ALCAÃ‘IZ,ALCAÑIZ,80.0,Teruel,-0.132663702,41.05032329
748,LA CONCHA,ONCALA,80.0,Soria,-2.312242372,41.97076931
749,SANTOÃ‘A,SANTOÑA,80.0,Cantabria,-3.456168877,43.44486746
750,UBEDA,BEDIA,80.0,Bizkaia,-2.79993623,43.20954265
751,ODENA,ÒDENA,80.0,Barcelona,1.642134736,41.6066268
752,OSORNO,OSOR,80.0,Girona,2.557683264,41.94545751
753,CALAÃ‘AS,CALAÑAS,80.0,Huelva,-6.878480753,37.65476084
754,SAN VICENTE DE TORANZO,VAL DE SAN VICENTE,80.0,Cantabria,-4.487722222,43.37469444
755,MOGAN,MOGÁN,80.0,Las Palmas,-15.72383785,27.88393804
756,MURIEDAS,MURIETA,80.0,Navarra,-2.157873856,42.65839076
757,CABEZAS DE SAN JUAN (LAS),LAS CABEZAS DE SAN JUAN,79.16666666666666,Sevilla,-5.940107107,36.98160806
758,SAN PEDRO DE BREÃ‘A ALTA,ARENAS DE SAN PEDRO,79.06976744186046,Ávila,-5.090527225,40.20904359
759,SAN MIGUEL DE LUENA,ALDEA DE SAN MIGUEL,78.94736842105263,Valladolid,-4.617478372,41.4608074
760,BARRIO DE BRICIA,BARRIOS DE COLINA,78.78787878787878,Burgos,-3.463830143,42.39573682
761,TORRE BAJA,LA TORRE,77.77777777777779,Ávila,-4.964769479,40.58790525
762,LA IGLESIA,IGLESIAS,77.77777777777779,Burgos,-3.990689748,42.29809508
763,MARAÃ‘A,MARAÑA,76.92307692307692,León,-5.177904421,43.04905617
764,UZTARROZ,URROZ,76.92307692307692,Navarra,-1.707399275,43.10032993
765,PEDROSA DEL PARAMO,ROPERUELOS DEL PÁRAMO,76.92307692307692,León,-5.781050959,42.23766505
766,TARRIO,AMURRIO,76.92307692307692,Araba/Álava,-3.001015194,43.05265767
767,SESEÃ‘A,SESEÑA,76.92307692307692,Toledo,-3.697336317,40.10450586
768,RIVERO,VIVEIRO,76.92307692307692,Lugo,-7.595224784,43.66214151
769,PILOÃ‘A,PILOÑA,76.92307692307692,Asturias,-5.363148053,43.34770037
770,MORON FRONTERA,MORÓN DE LA FRONTERA,76.47058823529412,Sevilla,-5.451848802,37.12221466
771,RODA DE ANDALUCIA (LA),LA RODA DE ANDALUCÍA,76.19047619047619,Sevilla,-4.77940878,37.20115155
772,SABIÃ‘ANIGO,SABIÑÁNIGO,76.19047619047619,Huesca,-0.364510736,42.51789564
773,POMALUENGO,PRADOLUENGO,76.19047619047619,Burgos,-3.19989165,42.32337316
774,TORRE ENDOMENECH,LA TORRE D'EN DOMÉNEC,75.67567567567568,Castelló/Castellón,0.070549955,40.26353297
775,VILLAYUSO,VILLACO,75.0,Valladolid,-4.268630798,41.7397751
776,EL GOLFO,EL GORDO,75.0,Cáceres,-5.343057069,39.86577532
777,SAN MIGUEL DE MERUELO,ALDEA DE SAN MIGUEL,75.0,Valladolid,-4.617478372,41.4608074
778,CASTELLON LA PLANA/CASTELLO PL,CASTELLÓ DE LA PLANA/CASTELLÓN DE LA PLANA,75.0,Castelló/Castellón,-0.037848604,39.98604534
779,TIAS,TÍAS,75.0,Las Palmas,-13.65435451,28.95221093
780,LEON,LENA,75.0,Asturias,-5.829139145,43.15783836
781,ALQUERIAS DEL NIÃ‘O PERDIDO,LES ALQUERIES/ALQUERÍAS DEL NIÑO PERDIDO,74.62686567164178,Castelló/Castellón,-0.11481766,39.89635657
782,MIERES DEL CAMIN,VALVERDE DEL CAMINO,74.28571428571429,Huelva,-6.753476165,37.57320768
783,BENICASIM,BENIFALLIM,73.6842105263158,Alacant/Alicante,-0.39953706,38.66275941
784,SAN JOSE,SANT JOANET,73.6842105263158,València/Valencia,-0.487686514,39.07146953
785,VILLAREJO DE ORBIGO,VILLAVERDE DE RIOJA,73.6842105263158,La Rioja,-2.81391533,42.32070519
786,S/C DE LA PALMA,LA PALMA D'EBRE,73.33333333333334,Tarragona,0.665724982,41.28290079
787,VILLAJOYOSA/LA VILA JOIOSA,LA VILA JOIOSA/VILLAJOYOSA,73.07692307692308,Alacant/Alicante,-0.232622623,38.50511374
788,RIAÃ‘O,RIAÑO,72.72727272727273,León,-5.005864008,42.97580055
789,PAMPLONA,PAMPLONA/IRUÑA,72.72727272727273,Navarra,-1.644406262,42.818565
790,JAVEA,JAVIER,72.72727272727273,Navarra,-1.21004037,42.59165168
791,TAMA,CÁRTAMA,72.72727272727273,Málaga,-4.632378815,36.71056767
792,MATAMOROSA,VALLE DE MATAMOROS,71.42857142857143,Badajoz,-6.802882136,38.37905483
793,PALMA DE MALLORCA,MALGRAT DE MAR,70.96774193548387,Barcelona,2.74108053,41.64570772
794,BURRIANA,BERBERANA,70.58823529411764,Burgos,-3.059899077,42.91806946
795,LA ALMUNIA,LA JANA,70.58823529411764,Castelló/Castellón,0.252590488,40.51277444
796,S/C DE TENERIFE,SANTA CRUZ DE TENERIFE,70.27027027027026,Santa Cruz de Tenerife,-16.2544857,28.4700052
797,SANT CARLES DE LA RAPITA,SANTA CRUZ DE LA PALMA,69.56521739130434,Santa Cruz de Tenerife,-17.76470276,28.68334253
798,PUENTENANSA,FUENTECANTOS,69.56521739130434,Soria,-2.428760942,41.84938689
799,VILLARREAL/VILA-REAL,VILLARRAMIEL,68.75,Palencia,-4.911434519,42.04261385
800,LAS PALMAS DE G.C.,LAS PALMAS DE GRAN CANARIA,68.18181818181819,Las Palmas,-15.42846997,28.12492399
801,RUBAYO,BAREYO,66.66666666666667,Cantabria,-3.612027778,43.47911111
802,AJO,ARJONA,66.66666666666667,Jaén,-4.055308334,37.93655526
803,MIÃ‘O,MIÑO,66.66666666666667,A Coruña,-8.204914958,43.34730034
804,SAN ILDEFONSO,SAN ASENSIO,66.66666666666667,La Rioja,-2.748912953,42.49743395
805,ELEXALDE,L'ALDEA,66.66666666666667,Tarragona,0.620134438,40.74576625
806,ELCHE/ELX,LEACHE/LEATXE,63.63636363636363,Navarra,-1.408206893,42.60684002
807,CUERVO (EL),EL RECUENCO,63.63636363636363,Guadalajara,-2.339336263,40.61532064
808,PEÃ‘ISCOLA,PEÑASCOSA,63.1578947368421,Albacete,-2.409353604,38.6716296
809,ADEJE CASCO,ADEJE,62.5,Santa Cruz de Tenerife,-16.72419872,28.12265764
810,SAN ILDEFONSO O LA GRANJA,REAL SITIO DE SAN ILDEFONSO,61.53846153846154,Segovia,-4.005215407,40.90081636
811,JAVEA/XABIA,JARABA,58.82352941176471,Zaragoza,-1.883556265,41.19028105
812,MAÃ“,MAÓ,57.14285714285714,Illes Balears,4.264303,39.889762
813,CABANAQUINTA/CABAÃ‘AQUINTA,ABAURREGAINA/ABAURREA ALTA,53.84615384615385,Navarra,-1.207910543,42.90348856
